doping,sigma_xx,sigma_yy,sigma_zz,S_xx,S_yy,S_zz,kappa_e_xx,kappa_e_yy,kappa_e_zz,mu_overall_xx,mu_overall_yy,mu_overall_zz,mu_IMP_xx,mu_IMP_yy,mu_IMP_zz,mu_ADP_xx,mu_ADP_yy,mu_ADP_zz,mu_POP_xx,mu_POP_yy,mu_POP_zz
9999999999999998.0,3341.9142073375606,3246.8960810844833,5405.700100951364,58.398858541838294,56.66255985907973,82.5931134528249,0.45094840883562787,0.4314782558430308,0.7191662326220591,844.3585873134195,819.1070271430087,1406.677156893045,1005463.4404195825,1098409.772077084,1544359.4943433292,5547.204488493024,4842.721658080379,11078.088641000599,1049.1451216169003,1073.1621609063834,1711.4986696511808
1.1006941712522126e+16,3341.6628897640885,3246.6071859950866,5406.438720296766,60.30612184287531,58.55443383436034,84.48129836323076,0.4507064803279753,0.43124495690979475,0.718734436636336,844.0662709255432,818.8187491137679,1406.3170283583743,913513.9289748612,997848.1773427387,1403196.1205660403,5547.15955190277,4842.682367067428,11078.025931752618,1049.1402214265506,1073.1572225293294,1711.4932439998506
1.211527658628585e+16,3341.449731301358,3246.3510911055882,5407.352461274377,62.40365628359466,60.63507539728475,86.55705881043048,0.4504332574903857,0.43098151993143086,0.718248086953567,843.7453742599739,818.5023106264263,1405.9214639418053,829979.4487192336,906478.9403947801,1274958.5061321103,5547.109897525016,4842.638950890119,11077.956638481917,1049.1348070193505,1073.1517659271594,1711.4872490305218
1.3335214321633238e+16,3341.2918811849304,3246.144072539664,5408.48011849973,64.71011983552361,62.92300148962195,88.83862172249103,0.45012415478471346,0.4306835350743544,0.7176994094248249,843.3932006764477,818.1550597119143,1405.4870728297874,754089.518089227,823459.4017415945,1158463.8121444653,5547.0550084408915,4842.590957542716,11077.8800393854,1049.1288220619363,1073.1457343255893,1711.4806223270757
1.4677992676220734e+16,3341.2109915649517,3246.006752515188,5409.868775175337,67.24582770099155,65.43837506940007,91.34579657512651,0.44977384418496047,0.43034587930786383,0.717079405881509,843.0068319354699,817.7741275183291,1405.0101752758942,685146.1016266588,748026.0617181591,1052640.4711866595,5546.994309065107,4842.537883715006,11077.795331026378,1049.1222038794822,1073.1390645606207,1711.4732944987695
1.6155980984398694e+16,3341.2342322584645,3245.965080737736,5411.575613444368,70.03300303600959,68.20325423706008,94.1002110965449,0.44937610674413925,0.42996257384224246,0.7163776123700746,842.5830943471148,817.3563952515826,1404.4867575160179,622513.0693959811,679483.0593826894,956512.0027811547,5546.927153568379,4842.479164668155,11077.70161177676,1049.114882145993,1073.131685756729,1711.4651876659902
1.7782794100389226e+16,3341.395533125255,3246.0515435040516,5413.6699325467835,73.09574431086794,71.24156034023191,97.12526438103052,0.4489236998958408,0.429526656824763,0.7155818898753471,842.1185684212364,816.8985040543878,1403.9124798447272,565614.4320959424,617200.2543550748,869194.298752152,5546.852821213696,4842.41417015342,11077.597875731106,1049.1067784396191,1073.1235188807334,1711.456215039982
1.9573417814876656e+16,3341.737090831533,3246.3066213052366,5416.235822580167,76.46035117950733,74.57940179355136,100.44643149872964,0.44840814607206586,0.4290299803049321,0.7146780816410477,841.6095434653911,816.3968106764245,1403.2826158167943,513924.5768231975,560602.5573963687,789880.6301620987,5546.77049915097,4842.342189367417,11077.482987701613,1049.0978042439021,1073.1144747227622,1711.446278549042
2.1544346900318772e+16,3342.3111532194876,3246.780528733926,5419.374970142374,80.15509019686178,78.24484229072587,104.09101170362807,0.4478195725531108,0.42846305666445367,0.7136497668116901,841.0520571888183,815.847426986853,1402.5920960153157,466969.11204294214,509170.8774868407,717842.9340816634,5546.679281156042,4842.262429842077,11077.355683028023,1049.0878610311358,1073.104453987737,1711.4352691933502
2.3713737056616548e+16,3343.1822269679465,3247.5353504026625,5423.210560530868,84.21060699637931,82.26831040564993,108.08851130680137,0.44714641669557303,0.4278147754502635,0.7124777851303171,840.4418352683014,815.2461609640261,1401.8354267796562,424314.860955559,462431.19327048265,652416.446587746,5546.578142427417,4842.173995406938,11077.214530505806,1049.0768372767734,1073.093344277517,1711.4230634311973
2.610157215682544e+16,3344.429678171103,3248.6475710968366,5427.891502673193,88.65975941768927,86.68243482689871,112.47045083658536,0.446375176343416,0.42707216384657,0.7111398496385058,839.7743172947398,814.5885428812435,1401.0067150828354,385569.0821648996,419953.73287129105,592998.4924304816,5546.465930566609,4842.075878293731,11077.057920950743,1049.064607648433,1073.0810192790864,1711.4095224770617
2.8729848333536564e+16,3346.150877577352,3250.2111292885675,5433.5977026634755,93.5376548026505,91.52208219513619,117.27036937521257,0.44549008103126236,0.42622007094045977,0.7096100306378427,839.0446482526845,813.8698175925507,1400.0996495238783,350374.9636985661,381348.0809120003,539041.5531104036,5546.341346315768,4841.966942285344,11076.884040577217,1049.0510309645906,1073.067336708618,1711.3944900921467
3.1622776601683788e+16,3348.4649447534366,3252.3410543613163,5440.546274229684,98.88153292428309,96.82424183184061,122.52367201630653,0.44447273429002054,0.42524082423312143,0.70785820062842,838.2476878267742,813.0849544565156,1399.1075019746659,318408.5105098676,346259.82061518217,490048.4689007615,5546.2029204979135,4841.845902546276,11076.690837328793,1049.0359475129424,1073.0521356019183,1711.3777893799509
3.48070058842842e+16,3351.5172215952184,3255.177811469092,5448.998971437548,104.73058642222759,102.62784846299529,128.26741102306693,0.44330170756923887,0.4241138396022228,0.7058494078812879,837.3780226635697,812.2286602163009,1398.0231318817312,289375.41704910167,314367.16945061355,445567.6133994773,5546.048991463661,4841.7113058865925,11076.475990819576,1049.0191768191592,1073.035234072583,1711.3592205618293
3.831186849557276e+16,3355.484471522197,3258.892355036789,5459.270712261684,111.1254691581114,108.97329522366687,134.53975597256704,0.44195213323136756,0.4228152303353785,0.703543261507783,836.4300142842222,811.2954270305935,1396.8390333957852,263008.9965965468,285378.7863797872,405189.6818293763,5545.8776789300255,4841.561507873926,11076.236874549291,1049.0005146741332,1073.0164263101062,1711.3385574913714
4.2169650342858216e+16,3360.5812722968626,3263.692331989351,5471.740320035093,118.10805673174552,115.90219671288625,141.37970755525552,0.44039518113141657,0.4213173040268589,0.7008931315642083,835.3977964214172,810.2795307175189,1395.5473183126564,239066.40596750588,259029.7159949603,368541.8628150343,5545.686845789372,4841.394639416828,11075.970503585932,1048.9797291651666,1072.995478584899,1711.3155434425978
4.64158883361279e+16,3367.0671753444417,3269.82904111907,5486.862202957182,125.72041806356367,123.45636893538637,148.82603494402326,0.438597637862774,0.41958815805542715,0.6978455401334824,834.2753705049203,809.1751256118825,1394.1398201106144,217327.6604529006,235080.4073589563,335286.2787866042,5545.474066185884,4841.20857882784,11075.673488838074,1048.9565571194323,1072.9721256585917,1711.2898870044476
5.1089697745069144e+16,3375.2552542621775,3277.60573302991,5505.180536816008,134.00385260666388,131.6768738635166,156.91627874902855,0.43652143091573375,0.4175912216742601,0.6943394725793909,833.0566677408985,807.9763064365172,1392.6081557960456,197593.12105336424,213314.0588314625,305116.0812938212,5545.236582214273,4841.00091392547,11075.341977565007,1048.9306996126386,1072.9460662623324,1711.261257296729
5.62341325190349e+16,3385.5217882569946,3287.3870154362735,5527.34520748741,142.99735993082558,140.60249999222174,165.68520328449978,0.43412326079460656,0.4152849013916209,0.6903058853369954,831.7356638354943,806.6772218353963,1390.9438531442445,179681.87998668788,193534.9474640767,277752.9190594627,5544.971255915822,4840.768900021087,11074.97158461923,1048.9018166332219,1072.9169577112443,1711.229277814568
6.1896581889126216e+16,3398.3176512501686,3299.609906678613,5554.130757676991,152.73597642068052,150.26810999453264,175.16312950718816,0.43135427695101214,0.41262226769809573,0.6856672982323134,830.3064766163692,805.2721708417067,1389.1384571256995,163429.65461489063,175566.19948976123,252943.6566027849,5544.674510634102,4840.509408582995,11074.557311529432,1048.8695209842565,1072.8844097634974,1711.1935198849596
6.812920690579593e+16,3414.180725491071,3314.7958894998737,5586.456829974858,163.24822866716462,160.70211034651564,185.3734253833259,0.42816005723969025,0.4095510326112936,0.680337902384287,828.7635486481347,803.7557825993861,1387.1837446725435,148687.67523179547,159248.62446156942,230458.61932070737,5544.342273639397,4840.218876998874,11074.093465484335,1048.8333721208749,1072.8479784055894,1711.1534957588203
7.498942093324557e+16,3433.7498714644958,3333.564467954284,5625.411344917189,174.5532471272045,171.92358191105444,196.32969689213496,0.4244808537802256,0.40601378196539734,0.6742241088559677,827.101829918907,802.1231956538907,1385.0719429725352,135321.16202044557,144439.04269359395,210089.22535642394,5543.96990780838,4839.893248745391,11073.57356403626,1048.7928689896162,1072.8071586366032,1711.1086507821337
8.254041852680206e+16,3457.7801530632773,3356.647938288888,5672.275821442516,186.65732096418628,183.93885360675608,208.03248019876818,0.42025228822710625,0.4019486380511913,0.6672258292823439,825.316989500896,800.3702651220974,1382.7959891397766,123207.96931191787,131008.72107665335,191645.897557614,5543.552133228249,4839.52790472656,11072.990223707504,1048.7474415770773,1072.7613759421743,1711.0583538281044
9.085175756516842e+16,3487.158914812901,3384.90698197373,5728.552173328035,199.54989188398514,196.7375165755018,220.46545058901455,0.41540667389975566,0.3972905228382113,0.6592387612836623,823.4056608864436,798.4938021933443,1380.3498401461882,112237.38878674092,118841.89012582453,174956.25108263223,5543.082949098091,4839.117594833137,11072.335051663053,1048.6964429432687,1072.7099782696969,1711.0018887351312
9.999999999999998e+16,3522.9224484860583,3419.346822094741,5795.990651464894,213.19924456845908,210.288134312084,233.591416027636,0.4098750936448139,0.39197314535656236,0.6501578631379478,821.3656939317851,796.4918192612997,1377.7288006218603,102308.95819650289,107834.16407670139,159863.32953070098,5542.555544103061,4838.656359387865,11071.598518301402,1048.6391397255788,1072.6522264482135,1710.9384435987852
1.1006941712522125e+17,3566.2722904972916,3461.133013853141,5876.617309348745,227.54803107334848,224.5337852060559,247.3482447946645,0.4035904322914913,0.3859319042306405,0.6398823105887506,819.1964197908779,794.3637868536499,1374.9298797586898,93331.39401234545,97891.00441957181,146224.07206845394,5541.962210351925,4838.137453650491,11070.769836778638,1048.5747034474919,1072.5872854288905,1710.8671013281617
1.211527658628585e+17,3618.590800930219,3511.6065250321053,5972.760581593138,242.50925684760347,239.3880612027995,261.6453425032742,0.3964913766756884,0.3791077178923786,0.6283219177577813,816.8988760646782,792.1108505614486,1371.9521113217936,85221.48888588604,88926.08264757557,133907.76496281047,5541.294248852194,4837.553264863465,11069.836828404785,1048.5022007918635,1072.5142144713034,1710.7868287371923
1.3335214321633238e+17,3681.4542099963514,3572.2963504691256,6087.073845950799,257.9630386679279,254.7318319448623,276.3609763072325,0.3885274846434524,0.37145188035389853,0.6154051493442075,814.4760065352026,789.736022150154,1368.79685668031,77903.17178781198,80859.81657769976,122794.76602557696,5540.541886078087,4836.895238917609,11068.785804224352,1048.4205854101401,1072.4319588813437,1710.6964675277666
1.4677992676220733e+17,3756.642921039457,3644.929449923648,6222.553839228469,273.7551554443887,270.4117901366469,291.3414069340799,0.37966500792029223,0.3629316404632026,0.601088178611751,811.9327566867477,787.2442677774978,1365.4679885030898,71306.55027523825,73617.95064676207,112775.2088329324,5539.694191999804,4836.153808198575,11067.601448679607,1048.3286901856661,1072.3393422074184,1710.594725876058
1.6155980984398694e+17,3846.1479843558386,3731.4369588607874,6382.553083849413,289.69803332147137,286.2414178598226,306.4023989477026,0.3698930978425137,0.35353614930654875,0.5853643777966197,809.2760468891008,784.6424759565411,1361.9719277124093,65367.05927579932,67130.38871232276,103747.85370740734,5538.739000772238,4835.318321649622,11066.266703823232,1048.2252197114185,1072.2350586382627,1710.4801698464892
1.7782794100389226e+17,3952.1717504394155,3833.9547467241937,6570.782849866981,305.5745984677332,302.0048074152628,321.3334599020221,0.3592298942875093,0.34328229720575737,0.5682734467695423,806.5146336347036,781.9393158822112,1358.3175425822114,60024.80361583608,61330.424870309966,95619.19761784602,5537.662860020731,4834.376999698843,11064.762696142132,1048.108746641259,1072.1176693178743,1710.351219667035
1.9573417814876653e+17,4077.124186699785,3954.819758350761,6791.309317320796,321.1457328840195,317.4640698581454,335.9054228147909,0.347727455507574,0.3322194403539578,0.5499085510364111,803.6587823147469,779.1449117281524,1354.515800923921,55223.95503852485,56154.23397157786,88302.6174433248,5536.450979722537,4833.316888678078,11063.068658999207,1047.9777079696107,1071.9855985708664,1710.206145450264
2.1544346900318778e+17,4223.615261405128,4096.5625366339555,7048.543450038386,336.161043639483,332.3700456059502,349.8810035397832,0.3354746678508065,0.32043219127580486,0.5304201795826671,800.7197789668245,776.2703603866647,1350.5792005670426,50912.29933707331,51540.700718397195,81717.68636556443,5535.087190071774,4832.12382290362,11061.161867894798,1047.830402890609,1071.8371317217059,1710.0430648894992
2.371373705661655e+17,4394.4419407900305,4261.894526740269,7347.221785659199,350.37191296387493,346.4752918248525,363.02728163358194,0.32259756728159583,0.3080407286043958,0.5100159295451447,797.7093664123704,773.3271766885814,1346.5210813035785,47041.00018594503,47431.595878437,75789.76906900652,5533.55392766875,4830.782411311909,11059.01761403705,1047.6649942017034,1071.670416480998,1709.8599448753228
2.6101572156825434e+17,4592.5774040482065,4453.697528078829,7692.391172448873,363.5460705644861,359.5485906068067,375.1293349761787,0.30925612678157754,0.2951977170937703,0.48895483742198853,794.6390450628649,770.3266079984426,1342.35472877948,43564.38891271824,43771.81586945415,70449.61553892063,5531.832190002175,4829.275996100781,11056.609131281848,1047.479506728265,1071.4834613192072,1709.6545996737168
2.8729848333536566e+17,4821.158674500133,4675.011623712678,8089.390386665451,375.4812478784216,371.3885500505493,386.0027378748305,0.2956380905975143,0.2820823960744394,0.4675372899923563,791.51944238681,767.2790177702356,1338.092537645172,40439.95196188879,40509.794847880265,65633.23043758553,5529.9015129708,4827.586631219042,11053.907554763195,1047.271829044353,1071.2741371608881,1709.424692944453
3.1622776601683795e+17,5083.480456460402,4929.029130021708,8543.841938069321,386.01660651316223,381.83499324523996,395.5037411242217,0.28195004994279405,0.26889202127638695,0.44609088584012624,788.3597264731902,764.1933138275606,1333.7452002854372,37628.33611135117,37597.84294057922,61281.75870743274,5527.739912018978,4825.695028667786,11050.881825880118,1047.0397119178908,1071.0401757652514,1709.1677359985501
3.48070058842842e+17,5382.995031130111,5219.094426444388,9061.653524091716,395.0402395956687,390.77643971741105,403.5356326112976,0.268407059436881,0.25583190641948356,0.4249543082381043,785.1671767445401,761.0765314837602,1329.321077727748,35093.40230024251,34992.418366878395,57341.44837812702,5525.323802431603,4823.580486141629,11047.498565317184,1046.7807653403956,1070.7791666675982,1708.8810844024404
3.831186849557277e+17,5723.320692191678,5548.7120632081405,9649.033320158693,402.49204882824483,398.15298249138186,410.050734571784,0.2552220718805839,0.24310528949238353,0.4044611709053145,781.9469361008042,757.9335946654733,1324.82579459049,32802.27006516202,32654.273282610804,53763.61243002167,5522.627888061727,4821.22078653097,11043.721900288778,1046.49245338322,1070.4885519232475,1708.5619323596616
4.216965034285822e+17,6108.261217980198,5921.5655581235505,10312.523401418328,408.3620555895089,403.9546167078153,415.04819101821545,0.24259643717774615,0.23090421800327315,0.3849257058357063,778.7019388635058,754.7672489801407,1320.262060391143,30725.315784122475,30548.45503927822,50504.53955741935,5519.624996973303,4818.59205034915,11039.513212266364,1046.1720843846438,1070.1656161212916,1708.2073016013062
4.6415888336127904e+17,6541.829252049834,6341.539967998745,11059.03909358472,412.6847990251253,408.21566960775874,418.56823686079457,0.23071268908092774,0.21940262834266933,0.3666321025565007,775.4330548052703,751.5782054874082,1315.6297859414256,28836.144400342433,28644.21085148883,47525.38800365761,5516.285924166361,4815.668593600954,11034.83089214782,1045.8168036200816,1069.807478890029,1707.8140332532587
5.108969774506913e+17,7028.285125485052,6812.759393694847,11895.93428772829,415.53127068943735,411.00677351787186,420.6843207934589,0.2197297070959775,0.20875169989590286,0.34982754707967545,772.1392972569429,748.3653464184345,1310.9262921380075,27111.454033259317,26914.74275547895,44791.93575806283,5512.579180927362,4812.42270300124,11029.629957830219,1045.4235775713628,1069.4110789025092,1707.3787700531725
5.6234132519034906e+17,7572.176021657382,7339.624780972021,12831.06684845705,416.9995175208461,412.42551081099003,421.4941547718086,0.20978077771415526,0.199077989749252,0.33471970462179235,768.818165299186,745.1260608869858,1306.146717520352,25530.8762382621,25336.921044123348,42274.31364474577,5508.470767823951,4808.8244307660125,11023.861699852328,1044.989183028161,1068.9731627286542,1706.8979439988916
6.189658188912621e+17,8178.382993274656,7926.85927745669,13872.877213065785,417.20529112191844,412.58710265542146,421.11093878909367,0.20097391766221262,0.19048373447808675,0.32147761805241803,765.4659919661697,741.8565855108718,1301.284449342644,24076.751348824248,23890.93220251044,39946.65316584841,5503.92390346537,4804.841349327145,11017.473256872714,1044.5101939245,1068.4902713646152,1706.3677612285376
6.812920690579593e+17,8852.172913568646,8579.558305192302,15030.475245538992,416.27358779176996,411.61598352042074,419.6555140702138,0.19339401325882322,0.1830488916431977,0.31023531901816503,762.0782799153314,738.5523318689617,1296.3315530821858,22733.871161755585,22559.90464866327,37786.69459238373,5498.898728926141,4800.4382830936665,11010.40714793249,1043.9829686056794,1067.958727150755,1705.7841871706985
7.498942093324557e+17,9599.249549345546,9303.238702951106,16313.725411396334,414.3316300120558,409.6388107888253,417.24992441332756,0.18710621277026207,0.176834382095439,0.30109728210601205,758.6500210971731,735.2081974989409,1291.27919619326,21489.214281970904,21329.542699644244,35775.39098091149,5493.352028765361,4795.57705278757,11002.60081733682,1043.4036423561965,1067.3746259384675,1705.1429372561788
8.254041852680207e+17,10425.809847566981,10103.892822067703,17733.340741894666,411.50349773563613,406.77911691926056,414.0125413209434,0.18215989980625003,0.17188588703457064,0.29414470346660737,755.1759475128671,731.8188089674551,1286.1179879559197,20331.67246959031,20187.768657352466,33896.50138340483,5487.236921772913,4790.216190912266,10993.98612382161,1042.7681207540707,1066.7338300208469,1704.4394681212889
9.085175756516841e+17,11338.603261820295,10988.04544979892,19300.981801848797,407.90634918110277,403.15354458983927,410.0546761664674,0.17859285427632332,0.16823782296326895,0.28944201594230945,751.650724734001,728.3787085410027,1280.8382493037986,19251.788590131135,19124.392775420678,32136.20309553498,5480.502541007443,4784.310645010601,10984.488799658515,1042.0720766820486,1066.0319646685684,1703.6689724364571
1e+18,12344.986607747025,11962.80626082817,21029.347682175427,403.64807133536857,398.8695061316969,405.47852053791325,0.17643529402464964,0.16591720215750927,0.2870431790186736,748.0691175839032,724.8825132859997,1275.4302540720996,18241.521624985817,18130.824424055376,30482.746032126233,5473.093760087299,4777.811518134881,10974.027956146929,1041.3109574007628,1065.2644247062628,1702.8263841197108
1.1006941712522126e+18,13452.988474366566,13035.931355139734,22932.282997377748,398.826040722102,394.0239484524636,400.3760996868754,0.17571352769212867,0.16494711684747632,0.2869973552090088,744.4260785293043,721.3249984618085,1269.8843652293378,17294.025422581388,17199.809026988332,28926.126290279703,5464.95086884178,4770.665760947602,10962.515496638518,1040.4799924857823,1064.4263818370493,1701.9063837245362
1.211527658628585e+18,14671.369164577196,14215.880260624685,25024.876667207453,393.52676782188405,388.70299844340764,394.8290350295713,0.17645318928616383,0.16534982236427542,0.28935392659819104,740.7168240488278,717.7011689815118,1264.1911611014093,16403.461223024613,16325.208223456335,27457.810899237804,5456.009307812368,4762.81591073899,10949.855587322916,1039.574214636454,1063.51280479466,1700.90341699081
1.3335214321633236e+18,16009.690008718913,15511.881766740235,27323.57611452475,387.8261168247423,382.98218118802646,388.90882058205136,0.17868199973073629,0.16714936335482733,0.294166787103471,736.9368591568382,714.0062801257367,1258.3414894782986,15564.829856337585,15501.807320448726,26070.49060382597,5446.1993671335085,4754.199793646866,10935.944047856496,1038.5884843689012,1062.5184832260761,1699.8117162842889
1.4677992676220736e+18,17478.38348729977,16934.00024244861,29846.30201795619,381.7899284067087,376.92703972984185,382.6774604440585,0.18243210566634116,0.17037379340881098,0.3014979843260739,733.0819912190252,710.2358476915696,1252.3265100582464,14773.83164689712,14725.156198363082,24757.874014110836,5435.445922845125,4744.75025316738,10920.667760495124,1037.51752692832,1061.43806367281,1698.6253338924498
1.6155980984398692e+18,19088.824081898376,18493.202299152093,32612.563318193745,375.474882833669,370.59399428872024,376.18831767217296,0.18774202462147183,0.17505701601037238,0.3114207568946714,729.1483365470488,706.3856510255554,1246.1377301272125,14026.749809202605,13991.43811274874,23514.51664622841,5423.66822049939,4734.394912552842,10903.904105941758,1036.3559828846007,1060.2660990791755,1697.338188307625
1.7782794100389225e+18,20853.40789542978,20201.431510311966,35643.58612623865,368.92944996547504,364.0312878748273,369.48703104326864,0.19465828064654933,0.18124032531952716,0.32402210555270505,725.132304867949,702.451714361556,1239.76700934313,13320.350609017207,13297.35867505786,22335.67416918611,5410.779659104572,4723.055928568386,10885.520353280503,1035.0984682613805,1058.9971075855703,1695.9441184725897
1.9573417814876657e+18,22785.63799832567,22071.68814856197,38962.45114364868,362.1948602247004,357.27995277138166,362.6124427951979,0.2032368016032562,0.18897371565966714,0.33940500412301144,721.0305780660731,698.4302824581031,1233.206558093928,12651.800841318447,12640.054683467764,21217.181232806517,5396.687610482448,4710.649765930942,10865.373046494302,1033.739648095771,1057.62564446873,1694.4369497632945
2.154434690031878e+18,24900.20737528086,24118.105967698742,42594.22548025444,355.30607076528656,350.37477239921856,355.59751769398997,0.21354409601551327,0.19831697875908816,0.3576902672902471,716.8401026514324,694.3178095987909,1226.4489604919913,12018.60238233138,12017.02190224712,20155.35601345448,5381.293347013798,4697.087055090645,10843.307484312747,1032.2743303718964,1056.1463941564587,1692.8105788245502
2.371373705661655e+18,27213.10303378308,26356.0487040508,46566.129191939996,348.2926141872864,343.3451258473547,348.4701429395834,0.2256583683818092,0.2093407348582197,0.3790183448934581,712.5580489526446,690.1109158409338,1219.4871466259099,11418.533579393781,11426.051219511777,19146.913815452146,5364.4919209942955,4682.272393561731,10819.157060943078,1030.6975647169395,1054.5542664655522,1691.0590593519325
2.6101572156825436e+18,29741.69926695673,28802.195160467614,50907.68143509548,341.17942426616884,336.21580989090853,341.2539080120542,0.2396704730889978,0.22212730978778583,0.4035508513021995,708.1818059572086,685.8063780669928,1212.3144244983248,10849.606321151776,10865.181496591687,18188.904946299856,5346.172245541956,4666.1043089901705,10792.7428168877,1029.0047687830913,1052.8445200924814,1689.1767137547802
2.872984833353657e+18,32504.873064773976,31474.644615691977,55650.88280684047,333.98752445120175,329.0077240280244,333.9687494528447,0.2556849001712531,0.23677163453043937,0.43147216356810114,703.7089462191587,681.4010914628733,1204.9244662420165,10310.026785349219,10332.65701703375,17278.657135751622,5326.21715287796,4648.475184512549,10763.872869297566,1027.1918588613494,1051.012889552763,1687.1582441540604
3.162277660168379e+18,35523.11215260496,34393.01376878571,60830.3831235998,326.73467108292874,321.73851071791796,326.63155468947946,0.27382067078662176,0.2533820572934806,0.46299086525892985,699.1372168439474,676.8920564035293,1197.3113396158888,9798.166429765326,9826.895790776725,16413.733866412826,5304.503662194691,4629.271349177146,10732.342047138356,1025.2554035540584,1049.0557344391634,1684.9988634796578
3.4807005884284196e+18,38818.64553240622,37578.553847639014,66483.6859381246,319.435872958719,314.4230722636252,319.25664540156475,0.2942123300703623,0.2720812398552601,0.49834135946689484,694.4645049195474,672.2763399232811,1189.46950030824,9312.535280942104,9346.460732146583,15591.895563174416,5280.903257798584,4608.373155624138,10697.931435207762,1023.1927778294669,1046.9701879370336,1682.6944216036682
3.8311868495572767e+18,42415.567813058,41054.259785358154,72651.34059517119,312.1038705725575,307.07404784023373,311.856224556879,0.31701088986613635,0.2930070035401149,0.5377853906489536,689.6888241569387,667.5510577831809,1181.3938222306783,8851.7623707189,8890.038396270505,14811.072126746096,5255.28240067866,4585.655240539384,10660.408141948576,1021.0023319737118,1044.754319090928,1680.241543355276
4.216965034285822e+18,46339.988093753585,44845.00081710204,79377.17480179553,304.7495106383574,299.70218611708435,304.4407214542897,0.3423849187804935,0.3163133054633007,0.581613818081705,684.8082763343783,662.7133313196983,1173.079588454229,8414.577427543252,8456.419408892205,14069.337243886645,5227.503067859782,4560.986784771626,10619.524986115362,1018.6835499573592,1042.4072828876026,1677.6377515849879
4.641588833612791e+18,50620.16520485428,48977.63511727873,86708.50252887771,297.3821058228813,292.31670359982417,297.01912498629537,0.3705215492535421,0.3421711332367636,0.6301482447781246,679.8210395084469,657.7602704233615,1164.5225300664856,7999.798650543221,8044.485438487641,13364.893405198003,5197.423603506613,4534.232024394636,10575.020512703479,1016.23721268475,1039.9294736219313,1674.8815951584759
5.108969774506914e+18,55286.669023952985,53481.14630600107,94696.37583950904,290.0097042014876,284.92555303413616,289.5992282304669,0.40162765603279604,0.37076955065525485,0.6837429491214286,674.7253284552153,652.6889287155128,1155.7188205255195,7606.321087277895,7653.197652684067,12696.060358591949,5164.8996063275035,4505.250769451621,10526.618933855312,1013.6655317612839,1037.322646619579,1671.9727474543215
5.62341325190349e+18,60372.53803079701,58386.77233887354,103395.83015141857,282.63933521126444,277.535668815765,282.1878510804651,0.4359310174539357,0.402316719937462,0.7427868054063467,669.51936576383,647.4962689839849,1146.6650897429474,7233.110213398623,7281.592666367346,12061.281670589507,5129.785067530589,4473.899123041131,10474.030310169732,1010.972259947153,1034.590014410975,1668.9120879003976
6.189658188912622e+18,65913.46266472992,63728.154531559245,112866.17437911368,275.27718942570635,270.15314664758193,274.7909972891471,0.4736816524117977,0.4370410760039931,0.8077055458224978,664.2013297863898,642.1791053494084,1137.358398468798,6879.204503118059,6928.79764369329,11459.191088907006,5091.933549204476,4440.030218473226,10416.95066400173,1008.1627488061691,1031.7362873746308,1665.7017407543099
6.812920690579593e+18,71947.93459515621,69541.44804901622,123171.22454688139,267.9288213223988,262.7834468872947,267.4140350000757,0.5151529220433559,0.4751922724854032,0.8789636870198154,658.7693388977351,636.7340816571797,1127.796274517381,6543.785519216933,6594.184980742471,10889.108014881896,5051.1998025027415,4403.495339471928,10355.062630785565,1005.2439710223449,1028.7676765684919,1662.3451004260987
7.498942093324557e+18,78517.44682719791,75865.47470311633,134379.6272234464,260.59925731685394,255.43150358261633,260.06178195331563,0.5606429609250627,0.5170424159496843,0.9570671375621007,653.2213854765004,631.1575999354935,1117.976656952587,6226.835633228384,6278.784306863717,10355.454821098352,5007.441217878413,4364.144892837212,10288.035744970635,1002.2244494173411,1025.6917999843063,1658.8467882624334
8.254041852680205e+18,85666.66481258428,82741.83986034385,146565.13734177648,253.29312259428588,248.10185306833725,252.73860922766258,0.6104758841557016,0.5628870754689776,1.0425655965570848,647.5552981235995,625.4457776866604,1107.8978806174807,5924.982367554695,5976.407161711097,9840.041430088138,4960.519621941918,4321.829710768422,10215.527139858064,999.1141226363824,1022.5175228064855,1655.2125863943309
9.085175756516841e+18,93443.623768701,90215.06526831041,159806.945461245,246.01471598843213,240.79871119710762,245.4484925066855,0.6650031343002873,0.6130463980170604,1.1360554555518214,641.7686787262481,619.5943811149009,1097.5586012004826,5637.9928388246435,5687.528180342642,9345.435140730106,4910.303000046009,4276.402329180807,10137.182024906684,995.9241120774269,1019.2546959550137,1651.4493186638883
9.999999999999998e+18,101899.88935034913,98332.67578604304,174189.94730552364,238.7680992513002,233.5260657592571,238.19507787678913,0.724604513473075,0.66786590616235,1.238182539916795,635.8588630114464,613.5987840039875,1086.9577386114286,5366.924987944021,5415.337762301256,8882.639970008147,4856.667497729664,4227.718590898224,10052.634475997631,992.6664146538554,1015.9138184242688,1647.564714710016
1.1006941712522123e+19,111090.74058681322,107145.29502272802,189805.05462306328,231.557136211219,226.28771934758552,230.98169864876718,0.7896892965983979,0.727717336986403,1.349645520214617,629.8228521269644,607.4539003942734,1076.0943344912325,5110.2512254824305,5157.463149861256,8445.24327122819,4799.499232977012,4175.639190630783,9961.507793235087,989.3534973691668,1012.5055994881786,1643.5672300866563
1.211527658628585e+19,121075.34099772514,116706.71523589804,206749.48535716464,224.38551789244957,219.0873187569947,223.81138145640188,0.8606971834527841,0.792999293791079,1.4711997684264357,623.6572375223211,601.1541146005418,1064.9673496109756,4867.146811947352,4912.996754300819,8031.369528632697,4738.69605127283,4120.031325885793,9863.414576585395,985.9978176157564,1009.0404458061892,1639.465839958583
1.333521432163324e+19,131916.85611053932,127073.8996353673,225126.9547980341,217.2567950526793,211.9283923279048,216.68686623770208,0.9380987904584202,0.8641374309703185,1.6036613792459278,617.3581314055284,594.6932228467456,1053.575408013105,4636.896962535016,4681.230821787512,7639.730809663447,4674.169351342291,4060.7706263196164,9757.95666543257,982.6112934038013,1005.527899162201,1635.2698096204047
1.4677992676220735e+19,143682.58813082412,138306.98297373945,245047.87501400997,210.1743590934468,204.814335751255,209.6105857220029,1.0223962014271781,0.9415846469218905,1.7479125128529631,610.9210413180465,588.0643256432206,1041.916360231903,4418.828323803822,4461.5137379629305,7269.181884927063,4605.845395407174,3997.7428860906525,9644.723916844356,979.2047101078855,1001.9760118363969,1630.9883778698697
1.6155980984398692e+19,156444.01296654216,150469.15864264002,266629.3477626406,203.14144500662044,197.74842005336097,202.58468444384465,1.1141227948751187,1.0258205670399874,1.9049070083110582,604.3407368757216,581.25972201024,1029.9867360851888,4212.296259047337,4253.224235040427,6918.6417116337,4533.666615822006,3930.8461291944095,9523.292568286783,975.7871080238574,998.3907063337584,1626.630334386592
1.7782794100389229e+19,170276.76713140655,163626.4961204797,289995.0026626539,196.16110852879282,190.73377352219617,195.6110376949977,1.213842734402812,1.117350679569328,2.0756772084946338,597.6110493512281,574.2707469908627,1017.7809674266463,4016.6801683923845,4055.763546149894,6587.071847368514,4457.592396418828,3859.992589553855,9393.222311916212,972.3651289073337,994.7750981536075,1622.2033642028634
1.9573417814876656e+19,185260.53301708592,177847.63791740505,315274.55404897,189.23619998422402,183.7733600376578,188.6913029863867,1.3221498096174158,1.2167048527512838,2.2613416796824284,590.724603989285,567.0875539698385,1005.2903759581831,3831.380688898624,3868.55174928941,6273.468177673366,4377.599378963548,3785.1106982476135,9254.052242583539,968.9423204844092,991.1287818542291,1617.713032164711
2.1544346900318773e+19,201478.75923416694,193203.3145336122,342602.92042142164,182.3693506509205,176.86996988431815,181.82703150905309,1.4396652068795253,1.3244348733129732,2.4631131801563324,583.672486504968,559.6988446327408,992.5019381005169,3655.8175385511104,3691.025455207359,5976.856963913018,4293.6813578651045,3706.147166071352,9105.296121699357,965.5183863000909,987.447068993334,1613.1612498345207
2.3713737056616546e+19,219018.16360057835,209765.62709385436,372118.76252931217,175.56297333757945,170.02622537673628,175.01985385948274,1.5670338125017458,1.4411106797298987,2.682306003566513,576.4438453862913,552.0915485833046,979.3968610986968,3489.427424425961,3522.6358129368346,5696.292478979313,4205.848741692442,3623.069143483697,8946.437662365697,962.0883639953756,983.7201620785224,1608.5440625309059
2.6101572156825436e+19,237968.04150161202,227607.11895078278,403962.4251979628,168.81924923659494,163.24457449101715,168.27172415982255,1.7049191128393804,1.567315396065966,2.9203421806810654,569.0254195538043,544.2504399648609,965.9490158820272,3331.66117915557,3362.8458339075323,5430.85438917968,4114.127232245885,3535.8660876846084,8776.926498745457,958.6417230502541,979.9322556680189,1603.8486330435003
2.8729848333536563e+19,258419.13139953904,246799.4033779435,438272.83453043585,162.1401706711588,156.52734457082727,161.5853012115822,1.8539946971537375,1.703637390939468,3.178751815854997,561.4011123014452,536.1578153333575,952.1235594106955,3181.9819307836715,3211.128795054674,5179.647896350948,4018.556793882587,3444.5522687365924,8596.17882810063,955.1614694463419,976.0606582757335,1599.0495033003708
3.1622776601683788e+19,280462.2294417689,267411.5329907522,475183.7013444795,155.52753230083837,149.87675082576888,154.9643605961538,2.0149335442955842,1.8506604889125344,3.45916737695769,553.5515690546058,527.7931850093842,937.8758529438849,3039.862072673536,3066.9654251515253,4941.8029636503215,3919.189879694468,3349.1688137653027,8403.583759391378,951.623317638779,972.0749972133867,1594.1043250639655
3.48070058842842e+19,304186.28416122746,289507.8667258245,514818.72457154497,148.98293296191073,143.29492504413238,148.4142858761532,2.188393095762979,2.008950530927092,3.76330514961618,545.4539067393539,519.1331333774467,923.1512204102611,2904.781164214077,2929.8420115270474,4716.4762813898205,3816.090244795582,3249.786399485943,8198.521488970122,947.9951256376029,967.9367165905018,1588.9496830276278
3.831186849557277e+19,329676.06389806507,313145.53964880516,557286.3012054986,142.50771345250115,136.78389139279554,141.94252295945566,2.374997255465203,2.179039321188822,4.09293138029716,537.0815714058594,510.15133007259084,907.8858862070914,2776.2237325124925,2799.248379470018,4502.85415895735,3709.331875822113,3146.5079912825163,7980.396517353922,944.2367133631952,963.5990026957995,1583.4979116386764
4.216965034285821e+19,357009.1709824297,338371.3564652883,602674.0233068779,136.10285686532458,130.34551549221842,135.55894096838182,2.575315072581007,2.3614057045179253,4.4498077366897055,528.4043552456574,500.81874337386944,892.0096119943141,2653.678054357642,2674.676854861296,4300.157768453875,3598.9987990037835,3039.472233403121,7748.691022300572,940.3001362985202,959.0072347113016,1577.6362460272233
4.641588833612791e+19,386252.46366693504,365218.2164768975,651044.1052862313,129.76880513280403,123.98137534001452,129.2759152478219,2.7898392505715486,2.5564566161798825,4.835617877916976,519.388418274506,491.103921368749,875.4501922937136,2536.6350074119714,2555.6213287183227,4107.648373144182,3485.184820513048,2928.856497598698,7503.038181162786,936.1302395490986,954.0998070012939,1571.2298280171274
5.108969774506913e+19,417457.4093267628,393700.7042630414,702430.3358722167,123.5052962200086,117.69264912213893,123.10804495297977,3.0189649531795566,2.764508607175232,5.251876620319384,509.99625922564763,480.9733194187992,858.1399081042442,2424.588387528914,2441.5779188296838,3924.6333810934734,3367.9939039662786,2814.8802313462697,7243.314655102329,931.6651508753976,948.8090070724903,1564.130137278324
5.6234132519034905e+19,450654.1892507344,423809.783216719,756837.7204493955,117.31126420788713,111.48004860216247,117.07133241888083,3.2629720956126174,2.9857730654076975,5.699836887731237,500.1864658308867,470.39151904656063,840.0232547739064,2317.036123181505,2332.046753223088,3750.470106843791,3247.5401514709,2697.8075296460765,6969.741742863615,926.8361604333514,943.0613953330014,1556.1897114411634
6.189658188912622e+19,485844.2050894662,455506.3887221404,814245.1640441943,111.18491491044159,105.34389851800923,111.18177438630244,3.522012073308765,3.2203467013024802,6.180419075282347,489.9132387752172,459.3213220124769,821.0646368971484,2213.482940471377,2226.535544079384,3584.5654793925523,3123.9472870810787,2577.9485704811273,6682.97876344554,921.5665268234496,936.7771972403558,1547.2825859764473
6.812920690579594e+19,522990.6979075465,488713.77640235244,874610.218030898,105.12409410830927,99.28447564432757,105.45348718846924,3.796097230168942,3.4682068891743025,6.694197364487096,479.1259178160377,447.7238911675637,801.2540807231682,2113.445476058108,2124.566037078562,3426.3706799304,2997.3485378794417,2455.6601542061903,6384.187134347761,915.7691615723343,929.8686035545796,1537.3276139372197
7.498942093324557e+19,562007.6686490483,523308.89550464175,937873.3620650963,99.12699366999759,93.3026663403114,99.8967066934613,4.085089889773251,3.729210314732498,7.24148377663548,467.76898641355024,435.55929934278925,780.608702864481,2016.460769159643,2025.6842576693195,3275.3707257851606,2867.888552294129,2331.3458185168674,6075.042022146976,909.3438985232182,922.2376194372831,1526.309323415073
8.254041852680205e+19,602747.9604423309,559113.6281722309,1003957.6765964021,93.19314636409476,87.40092780918941,94.51626474194804,4.388687338953994,4.0030925478775305,7.8225429908052675,455.78328199604454,422.7880588559653,759.1682735863444,1922.0991827839312,1929.4754352291327,3131.071810863792,2735.729948562828,2205.4565450375544,5757.675579713893,902.1760909186232,913.7751734650898,1514.289626557192
9.08517575651684e+19,644992.4777214817,595887.7050654265,1072759.6581068023,87.32450344975568,81.58439503916247,89.31128039819255,4.706404772159914,4.289469824001291,8.437949180198673,443.1091422028503,409.3742105714345,736.9847415953195,1829.9817651587457,1835.5832171081697,2992.991332555766,2601.0661992631453,2078.4923244473252,5434.549574233293,894.1391811229464,904.3641612709604,1501.404917242121
9.999999999999998e+19,688442.8145624549,633325.389555956,1144127.8913960892,81.52635232194895,75.86192773282833,84.27681075541484,5.037564900245925,4.587848104822411,9.089048520818334,429.69205424208394,395.29047169061977,714.1082098157582,1739.801891355668,1743.732382316024,2860.659178882112,2464.1421526282174,1951.0053159785275,5108.279449147406,885.1040197304866,893.8893025002665,1487.8477287328299
1.1006941712522034e+20,732720.1824574035,671058.6043919111,1217831.5814105934,75.80773939297433,70.2467547750646,79.40777541093193,5.381322459690777,4.897659968232178,9.778451380736948,415.4903998888811,380.5250795774081,690.5737610090217,1651.3479607940653,1653.7509561766194,2733.636615792817,2325.278176116785,1823.6018120746314,4781.445754468859,874.9556950455778,882.2546202806221,1473.8383559456606
1.2115276586285849e+20,777371.8166393999,708667.6305591178,1293526.5696060935,70.18132283032548,64.7565651166241,74.7049367165606,5.736761828559139,5.2183583870792445,10.51043123064606,400.4838321228471,365.0890354516762,666.3947258468635,1564.5237412404601,1565.5874259691282,2611.557833572878,2184.8921305796225,1696.9401794314763,4456.44070488457,863.614415937412,869.4049628190852,1459.5973186010112
1.3335214321633239e+20,821883.1805248774,745697.8094930222,1370732.347713407,64.66305643169105,59.41331476116221,70.1820822495824,6.10309962874767,5.549592951823293,11.291076256182222,384.6800401791672,349.02169656789056,641.5673029256889,1479.3636341186548,1479.3197792006413,2494.1938878019682,2043.5140992816903,1571.723245632962,4135.393797930805,851.0522607512162,855.3430301943083,1445.331254806939
1.4677992676220615e+20,865693.0283932633,781679.1598784694,1448839.3910415985,59.272548465938414,54.24346311075508,65.87289291647141,6.479993975207563,5.891471220857222,12.128045748146251,368.1178026847639,332.3926661582186,616.0885628882638,1396.040189631644,1395.1539309665325,2381.5276701301373,1901.7903322254133,1448.6841741387027,3820.193924296356,837.2964837796761,840.132183779755,1431.2422869111963
1.6155980984398696e+20,908209.1778201453,816146.0116625957,1527165.0919658819,54.035245597220545,49.27972959831506,61.83559229104425,6.867883470577478,6.244842045757819,13.029795947818924,350.8666843699792,315.30009975172686,589.986718869384,1314.8643235413895,1313.4135093491388,2273.8200874034783,1760.481497381249,1328.5707480338313,3512.5993932056285,822.4174430022763,823.8829639961883,1417.5666868260555
1.7782794100389223e+20,948830.6986987456,848660.0164361076,1605070.7797433224,48.98672926273311,44.56475373530218,58.15303793316009,7.268207565200629,6.611476161318369,14.004250953828752,333.02613071718366,297.86764006743755,563.3571010113882,1236.275460186451,1234.5212712320663,2171.635192054071,1620.4597017009385,1212.130914322658,3214.3832191473043,806.5123806355397,806.7345796641396,1404.6405919175966
1.9573417814876494e+20,986988.183722552,878844.8989929288,1682129.9359648188,44.177778611697285,40.155582063397965,54.926312272969405,7.683323427920914,6.993981069500978,15.05704953578193,314.7276388430637,280.2432533140716,536.3922203796855,1160.815954311837,1158.971394195461,2075.7927473007726,1482.707827187127,1100.1022072625613,2927.442840094149,789.7051795249982,788.8515120369348,1392.9757900375091
2.1544346900318775e+20,1022210.908466812,906439.6938173186,1758308.272459606,39.67699797786724,36.126076828667955,52.261335477647584,8.116024013551106,7.395349516847534,16.1896961787633,296.13979958902564,262.60027824920957,509.39102236510007,1089.0768313873916,1087.2862814612897,1987.2273268944327,1348.3133290175156,993.2006255524789,2653.803555272375,772.172570041413,770.4458752184202,1383.3098051955035
2.371373705661655e+20,1054210.1065000116,931362.4086848109,1834093.745780309,35.567851747342935,32.56405075860721,50.25056080991296,8.568741779678033,7.818183931657491,17.398007018389432,277.47047560300047,245.13668452583212,482.73760710922033,1021.6016596812941,1019.9509084174167,1906.76156568312,1218.442994404653,892.1026556627645,2395.4921006461414,754.1813611923745,751.8109324998237,1376.5899124865828
2.6101572156825223e+20,1082945.855474221,953758.9296918742,1910524.5765449374,31.939476257775837,29.561934331914276,48.95379070796295,9.042691901735612,8.26380439570585,18.671185013230232,258.9582099240723,228.0665314383175,456.85204119173653,958.7468188982402,957.3214112031636,1834.834839821842,1094.2861471980452,797.4147595136018,2154.316986518397,736.101499847149,733.3316612660607,1373.872812250695
2.872984833353657e+20,1108642.7953092237,974009.2719703696,1989101.4716784703,28.87429144742112,27.20329946943923,48.382527353363066,9.537209152490744,8.731502341731613,19.9917568944685,240.85069662538118,211.601800479383,432.1287950622961,900.5326671918511,899.5178839806133,1771.2659740536603,976.9692423137928,709.6330480909814,1931.6400192247381,718.3710744711248,715.4488836782525,1376.1602261111316
3.162277660168379e+20,1131746.519801962,992683.7122976736,2071613.1692675254,26.43702447460268,25.549768440820525,48.49116678648894,10.049380729318285,9.218117809814826,21.336585556234123,223.3771657191492,195.9298042099101,408.8822631834544,846.5788961594178,846.338337094005,1715.1694833022752,867.4607724488982,629.1034012606461,1728.220238921341,701.4249009926186,698.5882074342142,1384.2193240570691
3.4807005884283906e+20,1152845.9391308948,1010468.8873072083,2159926.4681137144,24.668042766034738,24.632021032915993,49.17684256248947,10.573936492077452,9.717984970856984,22.679134811138432,206.72557443995646,181.1948622483344,387.3128445330071,796.2462879709853,797.2799426041954,1665.1639021566286,766.4909166139472,555.9941617444643,1544.1683643568051,685.6235657466806,683.0903258394421,1398.4399891605992
3.831186849557276e+20,1172598.0667258005,1028094.9450040958,2255787.0453155823,23.58083666520779,24.4459150785347,50.28826941955699,11.103349356132155,10.223214651664557,23.992899241896,191.03170153707666,167.49023576414163,367.49748264419446,748.9745709013504,751.7505583412054,1619.8668418121415,674.5046805293327,490.2898227568732,1379.0045919183246,671.2132699591582,669.1732029116182,1418.762176514416
4.216965034285822e+20,1191677.6882685744,1046285.0970049269,2360661.6878694394,23.16176264728487,24.952590171144337,51.64233112304856,11.628192628904095,10.7242908946969,25.25548923603483,176.3796246833196,154.86013920976723,349.40036781344804,704.530169830227,709.3344389222879,1578.2868603290535,591.6523675438306,431.80478390104815,1231.781371980735,658.3215914595012,656.9314782658512,1444.6810317989966
4.641588833612753e+20,1210752.8634015343,1065731.247722617,2475633.555893364,23.370590408674857,26.081013793488328,53.0454098094566,12.137818841523158,11.210940369174239,26.45244461268956,162.80901168221953,143.30806590645327,332.8965512087472,662.9002532907675,669.8061158674329,1539.6691776759178,517.8129101002074,380.2118850599695,1101.232622984163,646.9767335149268,646.3603174545815,1475.3165630671413
5.1089697745069126e+20,1230476.2014984153,1087088.5127742358,2601351.251308528,24.14148701554876,27.731883810603506,54.31523349469853,12.621357400402712,11.673195272611045,27.57981997428245,150.32440599807765,132.8070666790514,317.8010116946127,624.0154242282523,632.9309710958339,1503.0474847250732,452.63935928245616,335.0777649328348,985.9177902976331,637.1346819231472,637.3872476913145,1509.523649953214
5.62341325190349e+20,1251481.4902192496,1110978.8113735667,2738026.6575842462,25.384758686253488,29.782326091767285,55.29905629327764,13.068929434295395,12.102534446991267,28.644936550960693,138.90377275107542,123.30917360356688,303.8976090733911,587.628518387847,598.3583411201689,1467.0717863555271,395.6154856349991,295.8987955147925,884.3427373507188,628.7039430745294,629.9006958942128,1546.0166998398424
6.18965818891257e+20,1274379.7826391265,1137995.8118690485,2885475.326250658,26.989783788105246,32.091187986478495,55.88528961180982,13.472925809228153,12.492989941564147,29.66524445992388,128.50552826573272,114.75288211244897,290.9646999937757,553.3769338886211,565.6701860616383,1430.185354137753,346.1141745304785,262.13385293931435,795.0508682381003,621.5640054706515,623.7706397112839,1583.4887389548433
6.812920690579593e+20,1299754.2221557326,1168707.4239317733,3043197.420878215,28.829436003900636,34.50502804651094,56.00756860673981,13.829199514752244,12.842136666905061,30.665742829486515,119.07415527311262,107.06858796135538,278.79591085105596,520.8937283369467,534.4702407748811,1390.9163249219657,303.44998693980205,233.23150822163333,716.6836485634659,615.5780877642218,618.8614979118679,1620.7134992604033
7.498942093324557e+20,1328155.8099208085,1203654.9581421232,3210497.8041974767,30.766020162414296,36.86499769682503,55.641812978265385,14.13804098605075,13.151895490971494,31.67568445866831,110.54488121111092,100.18244348378653,267.21571050912445,489.8870284927743,504.4462607634348,1348.1324868040656,266.9217188141262,208.6508276033238,648.0141711909977,610.6022658179178,615.0392503132846,1656.6251154829718
8.254041852680138e+20,1360102.519120744,1243349.2952158754,3386638.3749590046,32.65843375714779,39.01471465957179,54.79788734693291,14.404835285983655,13.42908272487486,32.725382156064825,102.84769926121967,94.0190997311734,256.089493412023,460.1737810562233,475.4005821767867,1301.2195372562035,235.8433314902452,187.87564577472062,587.9579358887519,606.4919605265596,612.1740821184679,1690.3720519201188
9.085175756516844e+20,1396081.7645969468,1288263.700591074,3571000.8671529572,34.37012036010845,40.809065552252385,53.50815154018294,14.640329375080666,13.6856292124237,33.84385238581959,95.91071450479303,88.50362144029532,245.32749682904628,431.67969941852795,447.2605190100408,1250.1802751031864,209.56362629980492,170.42274135349277,535.564624135613,603.105227079621,610.1386705175374,1721.3401940502404
9.999999999999999e+20,1436553.0416322923,1338821.6450383093,3763219.630935154,35.777493291287605,42.123736454913114,51.81572818676259,14.860451513226762,13.938372162166466,35.057756649826814,89.66258834957966,83.56267436933109,234.88169449154012,404.4209743821414,420.0733036377372,1195.681475988542,187.4761437412017,155.84474678821948,489.9945774710597,600.302116972346,608.8022539046772,1749.1376803076032
